-- Creación de Base de Datos
CREATE DATABASE PRACTICA_02082024

-- Selecciona la Base de Datos
USE PRACTICA_02082024

-- Creación de Tablas
create table clientes (cod_cli CHAR(5) PRIMARY KEY, raz_soc VARCHAR(30), ruc CHAR(11), telefono CHAR(9), fec_nac DATE, direccion VARCHAR(30), mail VARCHAR(30))
create table vendedores (cod_ven CHAR(3) PRIMARY KEY, apellidos VARCHAR(30), nombres VARCHAR(30), dni CHAR (8), telefono CHAR (9), direccion VARCHAR(30), fec_nac DATE, mail VARCHAR(30))
create table articulos (cod_Art CHAR(5) PRIMARY KEY, descripcion VARCHAR(40), marca VARCHAR(20), modelo VARCHAR(40), precio DECIMAL(7,2), stock INT)
create table factura (num_fac CHAR(6) PRIMARY KEY, fec_emi DATE, cod_cli CHAR(5), cod_ven CHAR(3))
create table detalle (num_fac CHAR(6), cantidad INT, pre_ven DECIMAL(7,2), cod_art CHAR(5))

-- Llenado de la tabla articulos
INSERT INTO articulos VALUES ('A0001', 'MOUSE OPTICO','GENIUS', 'NX-7000', 35.50, 10)
INSERT INTO articulos VALUES ('A0002', 'MOUSE OPTICO','GENIUS', 'MNNX-7000', 38.20, 15)
INSERT INTO articulos VALUES ('A0003', 'MOUSE OPTICO','LOGITECH', 'LX-SS30', 40.50, 8)
INSERT INTO articulos VALUES ('A0004', 'TECLADO MULTIMEDIA','DELL', 'SS-101', 50.20, 10)
INSERT INTO articulos VALUES ('A0005', 'TECLADO GAMER','PHILIPS', 'XX', 55.50, 5)
INSERT INTO articulos VALUES ('A0006', 'MEMORIA USB 32GB','MAXELL', 'CGX-25', 20.20, 10)
INSERT INTO articulos VALUES ('A0007', 'MEMORIA USB 64GB','KINGSTON', '3.0 DT', 35.00, 10)
INSERT INTO articulos VALUES ('A0008', 'IMPRESORA MULTIFUNCIONAL','EPSON', 'L380', 455.50, 5)
INSERT INTO articulos VALUES ('A0009', 'IMPRESORA MULTIFUNCION','CANON', 'PIXMA', 635.50, 10)
INSERT INTO articulos VALUES ('A0010', 'MEMORIA RAM 16GB DDR4','KINGSTON', 'FURY BEAST BUS 3200MHZ', 200.00, 4)
INSERT INTO articulos VALUES ('A0011', 'LAPTOP INTEL CORE I5 12VA GEN','LENOVO', 'V15 G3 IAP', 2050.00, 4)
INSERT INTO articulos VALUES ('A0012', 'LAPTOP CORE I5 10GEN RAM 8GB HDD 1TB 14"','HP', '348 G7', 1700.00, 3)
INSERT INTO articulos VALUES ('A0013', 'MONITOR FULL HD','TEROS', 'TE-3130 23.8" ', 350.50, 5)
INSERT INTO articulos VALUES ('A0014', 'PROYECTOR MULTIMEDIA','EPSON', 'POWERLITE E20 LUMENES 1024X768 XGA', 1800.00, 2)
INSERT INTO articulos VALUES ('A0015', 'SWITCH 16 PUERTOS','D-LINK', 'DGS-1016C', 350.50, 6)


-- Llenado de la tabla clientes
INSERT INTO clientes VALUES ('C0001', 'MUNIC. DISTRIT. VINCHOS', '40154247484', '066274875', '2020-10-30', 'AV. LOS INCAS 458', 'muni_vinchos@hotmail.com')
INSERT INTO clientes VALUES ('C0002', 'MARCO FERNANDEZ ROJAS', '10282987451', '927487541', '1980-12-31', 'JR. MILLER 331', 'marquito_200@gmail.com')
INSERT INTO clientes VALUES ('C0003', 'MIGUEL ANAYA POMA', '10252415427', '925487541', '2001-03-15', 'URB. MAREATEGUI MZ A L8', 'miky_poma@hotmail.com')
INSERT INTO clientes VALUES ('C0004', 'MARIA GONZALES QUISPE', '10365656454', '945668574', '1985-01-15', 'CALLE ITANA 845', 'marykucha@gmail.com')
INSERT INTO clientes VALUES ('C0005', 'NOEMI CASTRO AUCCASI', '10898974752', '965487512', '1992-06-01', 'JR. PARINACOCHAS 1025', 'mimi_11@gmail.com')
INSERT INTO clientes VALUES ('C0006', 'MULT. SERV. ONCEBAY', '40154247480', '066334875', '2000-01-01', 'CALLE CHORRO 166', 'empresa_oncebay@hotmail.com')
INSERT INTO clientes VALUES ('C0007', 'CARMELA RAMOS GONZALES', '10254652102', '941524512', '2005-02-25', 'AV. MARIO VARGAS LLOSA 104', 'camuchitani@gmail.com')
INSERT INTO clientes VALUES ('C0008', 'RIGOBERTO SALAS MORUNO', '10284745125', '926535124', '1998-03-30', 'JR. BELLIDO 358', 'rigo_11@hotmail.com')
INSERT INTO clientes VALUES ('C0009', 'WILFREDO LOPEZ SALAZAR', '10265642158', '941121222', '1999-04-10', 'JR. PARINACOCHAS 356', 'willicha9@gmail.com')
INSERT INTO clientes VALUES ('C0010', 'RAFAEL TUDELA YAROS', '10445877453', '927451245', '1999-10-30', 'CALLE NAZARENO 789', 'rafito_dulce@gmail.com')
INSERT INTO clientes VALUES ('C0011', 'ANA VARGAS ZEGARRA', '10289586451', '941562314', '1988-02-12', 'URB. EMADI MZ Q L2', 'anita_soy@hotmail.com')
INSERT INTO clientes VALUES ('C0012', 'COOP. NAZARENO', '40154333484', '066331148', '2000-01-01', 'AV. SATOS CHOCANO 255', 'cooperativa_nazario@gmail.com')
INSERT INTO clientes VALUES ('C0013', 'JOSE GABOA GAMBOA', '10124451555', '941564512', '2001-02-15', 'JR. AYACUCHO 2300', 'jhosp_23@gmail.com')
INSERT INTO clientes VALUES ('C0014', 'SANDRO SALAS VILCA', '10154247422', '066274888', '2003-11-30', 'AV. TORRE TORRE 112', 'sandroz_11@gmail.com')
INSERT INTO clientes VALUES ('C0015', 'MUNIC. DISTRIT. VILCANCHOS', '40154246589', '066351420', '1998-06-10', 'JR. QUINUA 358', 'muni_vilcanchos@gmail.com')

-- Llenado de la tabla vendedores
INSERT INTO vendedores VALUES ('V01', 'GOMEZ LLAMOCCA', 'VICTOR', '21869587', '92564584', 'JR. LIBERTAD 887', '2000-02-15', 'vicho_el_grande@gmail.com')
INSERT INTO vendedores VALUES ('V02', 'VELARDE PORRAS', 'LOURDES', '21818585', '92741588', 'AV. LORETO 220', '1998-12-11', 'lulita15@gmail.com')
INSERT INTO vendedores VALUES ('V03', 'FERNANDEZ QUISPE', 'RAFAEL', '28210734', '066956422', 'CALLE LOS MOROCHUCOS 121', '1998-07-11', 'rafocho@hotmail.com')
INSERT INTO vendedores VALUES ('V04', 'JERI GONZALES', 'BERTHA', '28336874', '912756456', 'JR. TRES MASCARAS 988', '1995-05-05', 'BETITA_55@gmail.com')

-- Llenado de la tabla factura
INSERT INTO factura VALUES ('000001', '2022-06-15', 'C0001', 'V01')
INSERT INTO factura VALUES ('000002', '2022-06-28', 'C0002', 'V03')
INSERT INTO factura VALUES ('000003', '2022-08-02', 'C0001', 'V02')
INSERT INTO factura VALUES ('000004', '2022-08-22', 'C0005', 'V01')
INSERT INTO factura VALUES ('000005', '2022-09-08', 'C0004', 'V02')
INSERT INTO factura VALUES ('000006', '2022-09-25', 'C0010', 'V01')
INSERT INTO factura VALUES ('000007', '2022-10-05', 'C0009', 'V01')
INSERT INTO factura VALUES ('000008', '2022-11-03', 'C0012', 'V04')
INSERT INTO factura VALUES ('000009', '2022-11-15', 'C0010', 'V03')
INSERT INTO factura VALUES ('000010', '2022-11-27', 'C0001', 'V01')
INSERT INTO factura VALUES ('000011', '2022-12-09', 'C0005', 'V02')
INSERT INTO factura VALUES ('000012', '2022-12-25', 'C0008', 'V02')
INSERT INTO factura VALUES ('000013', '2022-12-30', 'C0002', 'V04')
INSERT INTO factura VALUES ('000014', '2023-01-06', 'C0005', 'V03')
INSERT INTO factura VALUES ('000015', '2023-01-15', 'C0009', 'V02')
INSERT INTO factura VALUES ('000016', '2023-01-21', 'C0011', 'V02')
INSERT INTO factura VALUES ('000017', '2023-02-14', 'C0015', 'V03')
INSERT INTO factura VALUES ('000018', '2023-03-08', 'C0010', 'V01')
INSERT INTO factura VALUES ('000019', '2023-03-10', 'C0014', 'V03')
INSERT INTO factura VALUES ('000020', '2023-03-20', 'C0013', 'V04')
INSERT INTO factura VALUES ('000021', '2023-04-02', 'C0004', 'V01')
INSERT INTO factura VALUES ('000022', '2023-04-25', 'C0011', 'V01')
INSERT INTO factura VALUES ('000023', '2023-04-27', 'C0010', 'V02')
INSERT INTO factura VALUES ('000024', '2023-05-11', 'C0014', 'V03')
INSERT INTO factura VALUES ('000025', '2023-05-23', 'C0012', 'V02')
INSERT INTO factura VALUES ('000026', '2023-06-01', 'C0010', 'V02')
INSERT INTO factura VALUES ('000027', '2023-06-20', 'C0001', 'V02')
INSERT INTO factura VALUES ('000028', '2023-07-09', 'C0005', 'V01')
INSERT INTO factura VALUES ('000029', '2023-07-30', 'C0003', 'V01')
INSERT INTO factura VALUES ('000030', '2023-08-30', 'C0011', 'V04')
INSERT INTO factura VALUES ('000031', '2023-09-14', 'C0014', 'V03')

-- Llenado de la tabla detalle
INSERT INTO detalle VALUES ('000001', 2, 37.50, 'A0001')
INSERT INTO detalle VALUES ('000001', 1, 40.00, 'A0002')
INSERT INTO detalle VALUES ('000002', 2, 45.50, 'A0003')
INSERT INTO detalle VALUES ('000002', 5, 40.00, 'A0002')
INSERT INTO detalle VALUES ('000002', 3, 500.00, 'A0008')
INSERT INTO detalle VALUES ('000003', 4, 2150.00, 'A0011')
INSERT INTO detalle VALUES ('000004', 2, 40.50, 'A0007')
INSERT INTO detalle VALUES ('000004', 6, 407.00, 'A0013')
INSERT INTO detalle VALUES ('000005', 1, 1800.00, 'A0012')
INSERT INTO detalle VALUES ('000005', 1, 2237.50, 'A0011')
INSERT INTO detalle VALUES ('000005', 5, 67.50, 'A0004')
INSERT INTO detalle VALUES ('000005', 2, 750.00, 'A0009')
INSERT INTO detalle VALUES ('000006', 3, 27.50, 'A0005')
INSERT INTO detalle VALUES ('000007', 2, 237.50, 'A0010')
INSERT INTO detalle VALUES ('000007', 2, 45.50, 'A0002')
INSERT INTO detalle VALUES ('000008', 1, 2000.00, 'A0014')
INSERT INTO detalle VALUES ('000008', 4, 40.50, 'A0001')
INSERT INTO detalle VALUES ('000009', 1, 370.50, 'A0015')
INSERT INTO detalle VALUES ('000010', 2, 500.50, 'A0008')
INSERT INTO detalle VALUES ('000010', 3, 470.50, 'A0013')
INSERT INTO detalle VALUES ('000010', 2, 42.50, 'A0001')
INSERT INTO detalle VALUES ('000011', 5, 40.50, 'A0007')
INSERT INTO detalle VALUES ('000011', 10, 43.50, 'A0002')
INSERT INTO detalle VALUES ('000012', 3, 28.50, 'A0006')
INSERT INTO detalle VALUES ('000013', 2, 43.50, 'A0007')
INSERT INTO detalle VALUES ('000013', 2, 375.50, 'A0015')
INSERT INTO detalle VALUES ('000014', 3, 27.50, 'A0006')
INSERT INTO detalle VALUES ('000015', 2, 720.50, 'A0009')
INSERT INTO detalle VALUES ('000016', 2, 2200.50, 'A0011')
INSERT INTO detalle VALUES ('000017', 3, 2000.50, 'A0014')
INSERT INTO detalle VALUES ('000018', 2, 28.00, 'A0006')
INSERT INTO detalle VALUES ('000019', 1, 42.50, 'A0002')
INSERT INTO detalle VALUES ('000020', 2, 370.50, 'A0013')
INSERT INTO detalle VALUES ('000021', 1, 55.50, 'A0004')
INSERT INTO detalle VALUES ('000021', 2, 1950.50, 'A0014')
INSERT INTO detalle VALUES ('000022', 4, 43.50, 'A0003')
INSERT INTO detalle VALUES ('000022', 2, 39.50, 'A0001')
INSERT INTO detalle VALUES ('000022', 3, 370.50, 'A0015')
INSERT INTO detalle VALUES ('000023', 3, 500.00, 'A0008')
INSERT INTO detalle VALUES ('000024', 1, 2150.00, 'A0011')
INSERT INTO detalle VALUES ('000024', 3, 40.00, 'A0007')
INSERT INTO detalle VALUES ('000025', 2, 375.50, 'A0013')
INSERT INTO detalle VALUES ('000026', 5, 700.00, 'A0009')
INSERT INTO detalle VALUES ('000027', 1, 47.50, 'A0003')
INSERT INTO detalle VALUES ('000028', 2, 2307.50, 'A0011')
INSERT INTO detalle VALUES ('000028', 10, 67.50, 'A0005')
INSERT INTO detalle VALUES ('000028', 2, 42.50, 'A0007')
INSERT INTO detalle VALUES ('000029', 3, 650.50, 'A0009')
INSERT INTO detalle VALUES ('000029', 2, 40.50, 'A0002')
INSERT INTO detalle VALUES ('000030', 4, 407.50, 'A0015')
INSERT INTO detalle VALUES ('000030', 1, 35.50, 'A0006')
INSERT INTO detalle VALUES ('000031', 2, 37.50, 'A0001')





